INSERT INTO Korisnici.Registrovan (idrk, ime, prezime, username, password, email, status) values(next value for Korisnici.Seq_Registrovan, 'Nadja', 'Jovanovic', 'nadjajovanovic', 'nadja', 'nadja@gmail.com', 1);
INSERT INTO Korisnici.Registrovan (idrk, ime, prezime, username, password, email, status) values(next value for Korisnici.Seq_Registrovan, 'Aleksandra', 'Lazarevic', 'aleksandralzarevic', 'alex', 'alex@gmail.com', 0);
INSERT INTO Korisnici.Registrovan (idrk, ime, prezime, username, password, email, status) values(next value for Korisnici.Seq_Registrovan, 'Vukasin', 'Jankovic', 'vukasinjankovic', 'vule', 'vule@gmail.com', 1);
INSERT INTO Korisnici.Registrovan (idrk, ime, prezime, username, password, email, status) values(next value for Korisnici.Seq_Registrovan, 'Milan', 'Petrovic', 'milanp', 'milan', 'milanp@gmail.com', 1);
INSERT INTO Korisnici.Registrovan (idrk, ime, prezime, username, password, email, status) values(next value for Korisnici.Seq_Registrovan, 'Stasa', 'Djuza', 'stasadjuza', 'djuza', 'stasa@gmail.com', 0);
INSERT INTO Korisnici.Registrovan (idrk, ime, prezime, username, password, email, status) values(next value for Korisnici.Seq_Registrovan, 'Filip', 'Nikolic', 'nfilip', 'fica', 'fica@gmail.com', 0);
INSERT INTO Korisnici.Registrovan (idrk, ime, prezime, username, password, email, status) values(next value for Korisnici.Seq_Registrovan, 'Kristina', 'Severov', 'severov', 'kristina', 'severovk@gmail.com', 1);
INSERT INTO Korisnici.Registrovan (idrk, ime, prezime, username, password, email, status) values(next value for Korisnici.Seq_Registrovan, 'Milica', 'Karetic', 'kareticm', 'mica', 'mica@gmail.com', 1);
INSERT INTO Korisnici.Registrovan (idrk, ime, prezime, username, password, email, status) values(next value for Korisnici.Seq_Registrovan, 'Andrija', 'Belic', 'andrijab', 'belica', 'abelic@gmail.com', 1);
INSERT INTO Korisnici.Registrovan (idrk, ime, prezime, username, password, email, status) values(next value for Korisnici.Seq_Registrovan, 'Aleksandra', 'Krsmanovic', 'aleks', 'aleks', 'aleksandrak@gmail.com', 1);
INSERT INTO Korisnici.Registrovan (idrk, ime, prezime, username, password, email, status) values(next value for Korisnici.Seq_Registrovan, 'Sladjana', 'Popadic', 'sladja', 'sladja', 'sladj@gmail.com', 1);
INSERT INTO Korisnici.Registrovan (idrk, ime, prezime, username, password, email, status) values(next value for Korisnici.Seq_Registrovan, 'David', 'Salatic', 'salatic', 'david3', 'davidsal@gmail.com', 0);
INSERT INTO Korisnici.Registrovan (idrk, ime, prezime, username, password, email, status) values(next value for Korisnici.Seq_Registrovan, 'Vanja', 'Vukadinovic', 'vanja', 'vanja', 'vukadinovicv@gmail.com', 1);
INSERT INTO Korisnici.Registrovan (idrk, ime, prezime, username, password, email, status) values(next value for Korisnici.Seq_Registrovan, 'Sara', 'Lazic', 'lazicsara', 'sara', 'sara@gmail.com', 1);
INSERT INTO Korisnici.Registrovan (idrk, ime, prezime, username, password, email, status) values(next value for Korisnici.Seq_Registrovan, 'Teodora', 'Pecelj', 'pecelj', 'pecelj', 'teodorap@gmail.com', 1);
INSERT INTO Korisnici.Registrovan (idrk, ime, prezime, username, password, email, status) values(next value for Korisnici.Seq_Registrovan, 'Ana', 'Prokopic', 'anap', 'anap', 'anci@gmail.com', 1);
INSERT INTO Korisnici.Registrovan (idrk, ime, prezime, username, password, email, status) values(next value for Korisnici.Seq_Registrovan, 'Mirjana', 'Dzagic', 'mira', 'mira', 'miradzagic@gmail.com', 0);
INSERT INTO Korisnici.Registrovan (idrk, ime, prezime, username, password, email, status) values(next value for Korisnici.Seq_Registrovan, 'Vanja', 'Radovic', 'vanjarr', 'vanjarr', 'radovicv@gmail.com', 1);
INSERT INTO Korisnici.Registrovan (idrk, ime, prezime, username, password, email, status) values(next value for Korisnici.Seq_Registrovan, 'Vanja', 'Pejovic', 'vanjap', 'vanjap', 'vanjap@gmail.com', 1);
INSERT INTO Korisnici.Registrovan (idrk, ime, prezime, username, password, email, status) values(next value for Korisnici.Seq_Registrovan, 'Stefan', 'Ilic', 'ilics', 'ilics', 'ilics@gmail.com', 1);
INSERT INTO Korisnici.Registrovan (idrk, ime, prezime, username, password, email, status) values(next value for Korisnici.Seq_Registrovan, 'Ognjen', 'Peric', 'ognjen', 'ognjen', 'ogi@gmail.com', 0);
INSERT INTO Korisnici.Registrovan (idrk, ime, prezime, username, password, email, status) values(next value for Korisnici.Seq_Registrovan, 'Aleksa', 'Atanackovic', 'atanacko', 'atanacko', 'aleksaa@gmail.com', 1);
INSERT INTO Korisnici.Registrovan (idrk, ime, prezime, username, password, email, status) values(next value for Korisnici.Seq_Registrovan, 'Marko', 'Trickovic', 'tricko', 'tricko', 'trickom@gmail.com', 1);
INSERT INTO Korisnici.Registrovan (idrk, ime, prezime, username, password, email, status) values(next value for Korisnici.Seq_Registrovan, 'Neda', 'Radibratovic', 'nedar', 'rneda', 'nedaradibratovic@gmail.com', 0);
INSERT INTO Korisnici.Registrovan (idrk, ime, prezime, username, password, email, status) values(next value for Korisnici.Seq_Registrovan, 'Rajko', 'Pavlovic', 'pavlor', 'pavlor', 'rajko97@gmail.com', 1);
INSERT INTO Korisnici.Registrovan (idrk, ime, prezime, username, password, email, status) values(next value for Korisnici.Seq_Registrovan, 'Ivana', 'Lavrnja', 'lavrnjai', 'ivana', 'ivana@gmail.com', 1);
INSERT INTO Korisnici.Registrovan (idrk, ime, prezime, username, password, email, status) values(next value for Korisnici.Seq_Registrovan, 'Jovan', 'Vukosav', 'vukosav', 'jovan', 'jovanv@gmail.com', 1);
INSERT INTO Korisnici.Registrovan (idrk, ime, prezime, username, password, email, status) values(next value for Korisnici.Seq_Registrovan, 'Vladimir', 'Alijevic', 'dovla', 'dovla', 'alijevic@gmail.com', 1);
INSERT INTO Korisnici.Registrovan (idrk, ime, prezime, username, password, email, status) values(next value for Korisnici.Seq_Registrovan, 'Filip', 'Kovacev', 'keni', 'keni', 'keni@gmail.com', 1);
INSERT INTO Korisnici.Registrovan (idrk, ime, prezime, username, password, email, status) values(next value for Korisnici.Seq_Registrovan, 'Tea', 'Ursino', 'tea', 'brat', 'teaursino@gmail.com', 0);
INSERT INTO Korisnici.Registrovan (idrk, ime, prezime, username, password, email, status) values(next value for Korisnici.Seq_Registrovan, 'Tiana', 'Zikic', 'tiana', 'tiana', 'tiana@gmail.com', 1);
INSERT INTO Korisnici.Registrovan (idrk, ime, prezime, username, password, email, status) values(next value for Korisnici.Seq_Registrovan, 'Nikola', 'Nikolic', 'dzoni', 'dzoni', 'dzoni@gmail.com', 1);
INSERT INTO Korisnici.Registrovan (idrk, ime, prezime, username, password, email, status) values(next value for Korisnici.Seq_Registrovan, 'Aleksandra', 'Bakovic', 'bakovic', 'bakovic', 'abakovic@gmail.com', 1);
INSERT INTO Korisnici.Registrovan (idrk, ime, prezime, username, password, email, status) values(next value for Korisnici.Seq_Registrovan, 'Olivera', 'Vorkapic', 'ovorkapic', 'olja', 'oliverav@gmail.com', 1);
INSERT INTO Korisnici.Registrovan (idrk, ime, prezime, username, password, email, status) values(next value for Korisnici.Seq_Registrovan, 'Milana', 'Postic', 'sticpo', 'milana', 'milana@gmail.com', 1);
INSERT INTO Korisnici.Registrovan (idrk, ime, prezime, username, password, email, status) values(next value for Korisnici.Seq_Registrovan, 'Dejan', 'Pekic', 'pekicd', 'deki', 'dejanp@gmail.com', 1);
INSERT INTO Korisnici.Registrovan (idrk, ime, prezime, username, password, email, status) values(next value for Korisnici.Seq_Registrovan, 'Marko', 'Malbasa', 'malbasa', 'malbasa', 'mmalbasa@gmail.com', 1);
INSERT INTO Korisnici.Registrovan (idrk, ime, prezime, username, password, email, status) values(next value for Korisnici.Seq_Registrovan, 'Aleksandar', 'Ridjosic', 'ridji', 'aleksandar', 'ridjosic@gmail.com', 1);
INSERT INTO Korisnici.Registrovan (idrk, ime, prezime, username, password, email, status) values(next value for Korisnici.Seq_Registrovan, 'Sofija', 'Sugic', 'sofijasugic', 'sofija', 'ssugic@gmail.com', 0);
INSERT INTO Korisnici.Registrovan (idrk, ime, prezime, username, password, email, status) values(next value for Korisnici.Seq_Registrovan, 'Nevena', 'Majstorovic', 'nevena', 'nevena', 'nevena@gmail.com', 1);
INSERT INTO Korisnici.Registrovan (idrk, ime, prezime, username, password, email, status) values(next value for Korisnici.Seq_Registrovan, 'Sandra', 'Martinovic', 'martinovics', 'sandra', 'martinovicsandra@gmail.com', 1);
INSERT INTO Korisnici.Registrovan (idrk, ime, prezime, username, password, email, status) values(next value for Korisnici.Seq_Registrovan, 'Dejana', 'Gladic', 'gladicd', 'dejana', 'dejanagladic@gmail.com', 1);


INSERT INTO Korisnici.Admin (idrk) values(1);
INSERT INTO Korisnici.Admin (idrk) values(2);

INSERT INTO Korisnici.Biciklista (idrk) values(3);
INSERT INTO Korisnici.Biciklista (idrk) values(4);
INSERT INTO Korisnici.Biciklista (idrk) values(5);
INSERT INTO Korisnici.Biciklista (idrk) values(6);
INSERT INTO Korisnici.Biciklista (idrk) values(7);
INSERT INTO Korisnici.Biciklista (idrk) values(8);
INSERT INTO Korisnici.Biciklista (idrk) values(9);
INSERT INTO Korisnici.Biciklista (idrk) values(10);
INSERT INTO Korisnici.Biciklista (idrk) values(11);
INSERT INTO Korisnici.Biciklista (idrk) values(12);
INSERT INTO Korisnici.Biciklista (idrk) values(13);
INSERT INTO Korisnici.Biciklista (idrk) values(14);
INSERT INTO Korisnici.Biciklista (idrk) values(15);
INSERT INTO Korisnici.Biciklista (idrk) values(16);
INSERT INTO Korisnici.Biciklista (idrk) values(17);
INSERT INTO Korisnici.Biciklista (idrk) values(18);
INSERT INTO Korisnici.Biciklista (idrk) values(19);
INSERT INTO Korisnici.Biciklista (idrk) values(20);
INSERT INTO Korisnici.Biciklista (idrk) values(21);
INSERT INTO Korisnici.Biciklista (idrk) values(22);

INSERT INTO Korisnici.Izdavac(idrk) values(23);
INSERT INTO Korisnici.Izdavac(idrk) values(24);
INSERT INTO Korisnici.Izdavac(idrk) values(25);
INSERT INTO Korisnici.Izdavac(idrk) values(26);
INSERT INTO Korisnici.Izdavac(idrk) values(27);
INSERT INTO Korisnici.Izdavac(idrk) values(28);
INSERT INTO Korisnici.Izdavac(idrk) values(29);
INSERT INTO Korisnici.Izdavac(idrk) values(30);
INSERT INTO Korisnici.Izdavac(idrk) values(31);
INSERT INTO Korisnici.Izdavac(idrk) values(32);
INSERT INTO Korisnici.Izdavac(idrk) values(33);
INSERT INTO Korisnici.Izdavac(idrk) values(34);
INSERT INTO Korisnici.Izdavac(idrk) values(35);
INSERT INTO Korisnici.Izdavac(idrk) values(36);
INSERT INTO Korisnici.Izdavac(idrk) values(37);
INSERT INTO Korisnici.Izdavac(idrk) values(38);
INSERT INTO Korisnici.Izdavac(idrk) values(39);
INSERT INTO Korisnici.Izdavac(idrk) values(40);
INSERT INTO Korisnici.Izdavac(idrk) values(41);
INSERT INTO Korisnici.Izdavac(idrk) values(42);

INSERT INTO Korisnici.TipPovlastice values ('din');
INSERT INTO Korisnici.TipPovlastice values ('euro');
INSERT INTO Korisnici.TipPovlastice values ('%');
INSERT INTO Korisnici.TipPovlastice values ('dolar');

INSERT INTO Korisnici.Povlastica(povlastica_id, idrk, vrednost, tip_povlastice_id) values(next value for Korisnici.Seq_Povlastica, 25, 25, 3);
INSERT INTO Korisnici.Povlastica(povlastica_id, idrk, vrednost, tip_povlastice_id) values(next value for Korisnici.Seq_Povlastica, 39, 5000, 1);
INSERT INTO Korisnici.Povlastica(povlastica_id, idrk, vrednost, tip_povlastice_id) values(next value for Korisnici.Seq_Povlastica, 26, 35, 2);
INSERT INTO Korisnici.Povlastica(povlastica_id, idrk, vrednost, tip_povlastice_id) values(next value for Korisnici.Seq_Povlastica, 42, 5000, 1);
INSERT INTO Korisnici.Povlastica(povlastica_id, idrk, vrednost, tip_povlastice_id) values(next value for Korisnici.Seq_Povlastica, 23, 35, 2);
INSERT INTO Korisnici.Povlastica(povlastica_id, idrk, vrednost, tip_povlastice_id) values(next value for Korisnici.Seq_Povlastica, 33, 25, 3);
INSERT INTO Korisnici.Povlastica(povlastica_id, idrk, vrednost, tip_povlastice_id) values(next value for Korisnici.Seq_Povlastica, 29, 5000, 2);
INSERT INTO Korisnici.Povlastica(povlastica_id, idrk, vrednost, tip_povlastice_id) values(next value for Korisnici.Seq_Povlastica, 37, 25, 3);
INSERT INTO Korisnici.Povlastica(povlastica_id, idrk, vrednost, tip_povlastice_id) values(next value for Korisnici.Seq_Povlastica, 30, 100, 4);
INSERT INTO Korisnici.Povlastica(povlastica_id, idrk, vrednost, tip_povlastice_id) values(next value for Korisnici.Seq_Povlastica, 24, 5000, 1);
INSERT INTO Korisnici.Povlastica(povlastica_id, idrk, vrednost, tip_povlastice_id) values(next value for Korisnici.Seq_Povlastica, 36, 35, 2);
INSERT INTO Korisnici.Povlastica(povlastica_id, idrk, vrednost, tip_povlastice_id) values(next value for Korisnici.Seq_Povlastica, 35, 25, 3);
INSERT INTO Korisnici.Povlastica(povlastica_id, idrk, vrednost, tip_povlastice_id) values(next value for Korisnici.Seq_Povlastica, 41, 25, 3);
INSERT INTO Korisnici.Povlastica(povlastica_id, idrk, vrednost, tip_povlastice_id) values(next value for Korisnici.Seq_Povlastica, 38, 35, 2);
INSERT INTO Korisnici.Povlastica(povlastica_id, idrk, vrednost, tip_povlastice_id) values(next value for Korisnici.Seq_Povlastica, 27, 5000, 1);
INSERT INTO Korisnici.Povlastica(povlastica_id, idrk, vrednost, tip_povlastice_id) values(next value for Korisnici.Seq_Povlastica, 40, 35, 2);
INSERT INTO Korisnici.Povlastica(povlastica_id, idrk, vrednost, tip_povlastice_id) values(next value for Korisnici.Seq_Povlastica, 34, 5000, 1);
INSERT INTO Korisnici.Povlastica(povlastica_id, idrk, vrednost, tip_povlastice_id) values(next value for Korisnici.Seq_Povlastica, 32, 25, 3);
INSERT INTO Korisnici.Povlastica(povlastica_id, idrk, vrednost, tip_povlastice_id) values(next value for Korisnici.Seq_Povlastica, 28, 100, 4);
INSERT INTO Korisnici.Povlastica(povlastica_id, idrk, vrednost, tip_povlastice_id) values(next value for Korisnici.Seq_Povlastica, 31, 5000, 1);

INSERT INTO Korisnici.TipSmestaja values('soba sa kupatilom');
INSERT INTO Korisnici.TipSmestaja values('soba bez kupatila');
INSERT INTO Korisnici.TipSmestaja values('dvokrevetna soba');
INSERT INTO Korisnici.TipSmestaja values('trokrevetna soba');
INSERT INTO Korisnici.TipSmestaja values('cetvorokrevetna soba');
INSERT INTO Korisnici.TipSmestaja values('apartman 1 soba');
INSERT INTO Korisnici.TipSmestaja values('apartamn 2 sobe');
INSERT INTO Korisnici.TipSmestaja values('petorokrevrtna soba');
INSERT INTO Korisnici.TipSmestaja values('apartman 3 sobe');
INSERT INTO Korisnici.TipSmestaja values('soba sa dusekom i kupatilom');



INSERT INTO Sadrzaj.GeografskaOblast (naziv_geo_oblasti, nivo) values('Srbija', 'Drzava');
INSERT INTO Sadrzaj.GeografskaOblast (naziv_geo_oblasti, nivo) values('Sremski', 'Okrug');
INSERT INTO Sadrzaj.GeografskaOblast (naziv_geo_oblasti, nivo) values('Backa', 'Okrug');
INSERT INTO Sadrzaj.GeografskaOblast (naziv_geo_oblasti, nivo) values('Banat', 'Okrug');
INSERT INTO Sadrzaj.GeografskaOblast (naziv_geo_oblasti, nivo) values('Novi Sad', 'Opstina');
INSERT INTO Sadrzaj.GeografskaOblast (naziv_geo_oblasti, nivo) values('Sremski Karlovci', 'Opstina');
INSERT INTO Sadrzaj.GeografskaOblast (naziv_geo_oblasti, nivo) values('Grcka', 'Drzava');
INSERT INTO Sadrzaj.GeografskaOblast (naziv_geo_oblasti, nivo) values('Madjarska', 'Drzava');
INSERT INTO Sadrzaj.GeografskaOblast (naziv_geo_oblasti, nivo) values('Francuska', 'Drzava');
INSERT INTO Sadrzaj.GeografskaOblast (naziv_geo_oblasti, nivo) values('Rumunija', 'Drzava');
INSERT INTO Sadrzaj.GeografskaOblast (naziv_geo_oblasti, nivo) values('Branicevski', 'Okrug');
INSERT INTO Sadrzaj.GeografskaOblast (naziv_geo_oblasti, nivo) values('Cajetina', 'Opstina');
INSERT INTO Sadrzaj.GeografskaOblast (naziv_geo_oblasti, nivo) values('Spanija', 'Drzava');
INSERT INTO Sadrzaj.GeografskaOblast (naziv_geo_oblasti, nivo) values('Nemacka', 'Drzava');


INSERT INTO Korisnici.RedniBrojObilaska(rbr_obilaska) values (1);
INSERT INTO Korisnici.RedniBrojObilaska(rbr_obilaska) values (2);
INSERT INTO Korisnici.RedniBrojObilaska(rbr_obilaska) values (3);
INSERT INTO Korisnici.RedniBrojObilaska(rbr_obilaska) values (4);
INSERT INTO Korisnici.RedniBrojObilaska(rbr_obilaska) values (5);
INSERT INTO Korisnici.RedniBrojObilaska(rbr_obilaska) values (6);
INSERT INTO Korisnici.RedniBrojObilaska(rbr_obilaska) values (7);
INSERT INTO Korisnici.RedniBrojObilaska(rbr_obilaska) values (8);
INSERT INTO Korisnici.RedniBrojObilaska(rbr_obilaska) values (9);
INSERT INTO Korisnici.RedniBrojObilaska(rbr_obilaska) values (10);


INSERT INTO Korisnici.RedniBrojRezervacije(rbr_rez) values (1);
INSERT INTO Korisnici.RedniBrojRezervacije(rbr_rez) values (2);
INSERT INTO Korisnici.RedniBrojRezervacije(rbr_rez) values (3);
INSERT INTO Korisnici.RedniBrojRezervacije(rbr_rez) values (4);
INSERT INTO Korisnici.RedniBrojRezervacije(rbr_rez) values (5);
INSERT INTO Korisnici.RedniBrojRezervacije(rbr_rez) values (6);
INSERT INTO Korisnici.RedniBrojRezervacije(rbr_rez) values (7);
INSERT INTO Korisnici.RedniBrojRezervacije(rbr_rez) values (8);
INSERT INTO Korisnici.RedniBrojRezervacije(rbr_rez) values (9);
INSERT INTO Korisnici.RedniBrojRezervacije(rbr_rez) values (10);



INSERT INTO Sadrzaj.SadrzajStranice(sadrzaj_id, idrk, datum_kreiranja) values (next value for Sadrzaj.Seq_Sadrzaj, 12, cast('15-jan-2019' as date));
INSERT INTO Sadrzaj.SadrzajStranice(sadrzaj_id, idrk, datum_kreiranja) values (next value for Sadrzaj.Seq_Sadrzaj, 7, cast('28-sep-2018' as date));
INSERT INTO Sadrzaj.SadrzajStranice(sadrzaj_id, idrk, datum_kreiranja) values (next value for Sadrzaj.Seq_Sadrzaj, 22, cast('02-jun-2019' as date));
INSERT INTO Sadrzaj.SadrzajStranice(sadrzaj_id, idrk, datum_kreiranja) values (next value for Sadrzaj.Seq_Sadrzaj, 3, cast('20-may-2017' as date));
INSERT INTO Sadrzaj.SadrzajStranice(sadrzaj_id, idrk, datum_kreiranja) values (next value for Sadrzaj.Seq_Sadrzaj, 17, cast('09-dec-2018' as date));
INSERT INTO Sadrzaj.SadrzajStranice(sadrzaj_id, idrk, datum_kreiranja) values (next value for Sadrzaj.Seq_Sadrzaj, 21, cast('22-feb-2019' as date));
INSERT INTO Sadrzaj.SadrzajStranice(sadrzaj_id, idrk, datum_kreiranja) values (next value for Sadrzaj.Seq_Sadrzaj, 19, cast('01-aug-2019' as date));
INSERT INTO Sadrzaj.SadrzajStranice(sadrzaj_id, idrk, datum_kreiranja) values (next value for Sadrzaj.Seq_Sadrzaj, 11, cast('14-nov-2019' as date));
INSERT INTO Sadrzaj.SadrzajStranice(sadrzaj_id, idrk, datum_kreiranja) values (next value for Sadrzaj.Seq_Sadrzaj, 13, cast('27-apr-2019' as date));
INSERT INTO Sadrzaj.SadrzajStranice(sadrzaj_id, idrk, datum_kreiranja) values (next value for Sadrzaj.Seq_Sadrzaj, 4, cast('05-jul-2019' as date));
INSERT INTO Sadrzaj.SadrzajStranice(sadrzaj_id, idrk, datum_kreiranja) values (next value for Sadrzaj.Seq_Sadrzaj, 20, cast('20-oct-2018' as date));
INSERT INTO Sadrzaj.SadrzajStranice(sadrzaj_id, idrk, datum_kreiranja) values (next value for Sadrzaj.Seq_Sadrzaj, 6, cast('10-jun-2019' as date));
INSERT INTO Sadrzaj.SadrzajStranice(sadrzaj_id, idrk, datum_kreiranja) values (next value for Sadrzaj.Seq_Sadrzaj, 15, cast('30-sep-2019' as date));
INSERT INTO Sadrzaj.SadrzajStranice(sadrzaj_id, idrk, datum_kreiranja) values (next value for Sadrzaj.Seq_Sadrzaj, 10, cast('06-jan-2019' as date));
INSERT INTO Sadrzaj.SadrzajStranice(sadrzaj_id, idrk, datum_kreiranja) values (next value for Sadrzaj.Seq_Sadrzaj, 5, cast('11-dec-2018' as date));
INSERT INTO Sadrzaj.SadrzajStranice(sadrzaj_id, idrk, datum_kreiranja) values (next value for Sadrzaj.Seq_Sadrzaj, 16, cast('25-nov-2019' as date));
INSERT INTO Sadrzaj.SadrzajStranice(sadrzaj_id, idrk, datum_kreiranja) values (next value for Sadrzaj.Seq_Sadrzaj, 8, cast('16-apr-2019' as date));
INSERT INTO Sadrzaj.SadrzajStranice(sadrzaj_id, idrk, datum_kreiranja) values (next value for Sadrzaj.Seq_Sadrzaj, 18, cast('03-mar-2019' as date));
INSERT INTO Sadrzaj.SadrzajStranice(sadrzaj_id, idrk, datum_kreiranja) values (next value for Sadrzaj.Seq_Sadrzaj, 14, cast('12-mar-2018' as date));
INSERT INTO Sadrzaj.SadrzajStranice(sadrzaj_id, idrk, datum_kreiranja) values (next value for Sadrzaj.Seq_Sadrzaj, 9, cast('20-jun-2019' as date));


INSERT INTO Sadrzaj.Tura(tura_id, naslov_ture, opis_ture, suma_ture) values (1, 'Zlatibor', null, 150);
INSERT INTO Sadrzaj.Tura(tura_id, naslov_ture, opis_ture, suma_ture) values (2, 'Sremski Karlovci', null, 20);
INSERT INTO Sadrzaj.Tura(tura_id, naslov_ture, opis_ture, suma_ture) values (3, 'Novi Sad', 'Obilazak centra grada', 10);
INSERT INTO Sadrzaj.Tura(tura_id, naslov_ture, opis_ture, suma_ture) values (4, 'Novi Sad', 'Obilazak petrovardinske tvrdjave', 15);
INSERT INTO Sadrzaj.Tura(tura_id, naslov_ture, opis_ture, suma_ture) values (5, 'Rumunija', 'Obilazak Temisvara', 25);
INSERT INTO Sadrzaj.Tura(tura_id, naslov_ture, opis_ture, suma_ture) values (6, 'Rumunija', 'Obilazak Tanzanije', 30);
INSERT INTO Sadrzaj.Tura(tura_id, naslov_ture, opis_ture, suma_ture) values (7, 'Francuska', 'Tour de France, obialzak biciklom kroz celu francusku', 75);
INSERT INTO Sadrzaj.Tura(tura_id, naslov_ture, opis_ture, suma_ture) values (8, 'Francuska', 'Obilazak Pariza ', 200);
INSERT INTO Sadrzaj.Tura(tura_id, naslov_ture, opis_ture, suma_ture) values (9, 'Francuska', 'Obilazak Marseja', 10);
INSERT INTO Sadrzaj.Tura(tura_id, naslov_ture, opis_ture, suma_ture) values (10, 'Djavola Varsos', 'Samo za najhrabrije', 25);
INSERT INTO Sadrzaj.Tura(tura_id, naslov_ture, opis_ture, suma_ture) values (11, 'Spanija', 'Obilazak Barselone', 300);
INSERT INTO Sadrzaj.Tura(tura_id, naslov_ture, opis_ture, suma_ture) values (12, 'Spanija', 'Obilazak Katelonije', 25);
INSERT INTO Sadrzaj.Tura(tura_id, naslov_ture, opis_ture, suma_ture) values (13, 'Srebrno Jezero', 'Prelepo jezero na granici  sa Rumunijom', 15);
INSERT INTO Sadrzaj.Tura(tura_id, naslov_ture, opis_ture, suma_ture) values (14, 'Fruska Gora', 'Obilazak manastira', 20);
INSERT INTO Sadrzaj.Tura(tura_id, naslov_ture, opis_ture, suma_ture) values (15, 'Fruska Gora - penjanje', 'Samo za ljude sa kondicijom', 5);
INSERT INTO Sadrzaj.Tura(tura_id, naslov_ture, opis_ture, suma_ture) values (16, 'Tara', 'Prelepe sume', 30);
INSERT INTO Sadrzaj.Tura(tura_id, naslov_ture, opis_ture, suma_ture) values (17, 'Kopaonik', null, 10);
INSERT INTO Sadrzaj.Tura(tura_id, naslov_ture, opis_ture, suma_ture) values (18, 'Beograd', null, 20);
INSERT INTO Sadrzaj.Tura(tura_id, naslov_ture, opis_ture, suma_ture) values (19, 'Divcibare', 'Pelepe sume', 10);
INSERT INTO Sadrzaj.Tura(tura_id, naslov_ture, opis_ture, suma_ture) values (20, 'Bajina Basta', null, 5);


INSERT INTO Korisnici.JeObisao(idrk, tura_id, rbr_obilaska, period_obilaska, iskustvo) values (3,1,1, CAST('12:00' as datetime), 'Prelepo');
INSERT INTO Korisnici.JeObisao(idrk, tura_id, rbr_obilaska, period_obilaska, iskustvo) values (4,2,2, CAST('09:00' as datetime), 'Sremski Karlovci su lepi, ovo mi je treci put da sam ih posetila');
INSERT INTO Korisnici.JeObisao(idrk, tura_id, rbr_obilaska, period_obilaska, iskustvo) values (5,3,3, CAST('20:00' as datetime), null);
INSERT INTO Korisnici.JeObisao(idrk, tura_id, rbr_obilaska, period_obilaska, iskustvo) values (6,4,4, CAST('15:00' as datetime), null);
INSERT INTO Korisnici.JeObisao(idrk, tura_id, rbr_obilaska, period_obilaska, iskustvo) values (7,5,5, CAST('13:15' as datetime), 'Nije mi se toliko svidelo, nema sta da se vidi');
INSERT INTO Korisnici.JeObisao(idrk, tura_id, rbr_obilaska, period_obilaska, iskustvo) values (8,6,6, CAST('14:30' as datetime), 'Prelepo');
INSERT INTO Korisnici.JeObisao(idrk, tura_id, rbr_obilaska, period_obilaska, iskustvo) values (9,7,7, CAST('08:45' as datetime), null);
INSERT INTO Korisnici.JeObisao(idrk, tura_id, rbr_obilaska, period_obilaska, iskustvo) values (10,8,8, CAST('09:45' as datetime), null);
INSERT INTO Korisnici.JeObisao(idrk, tura_id, rbr_obilaska, period_obilaska, iskustvo) values (11,9,9, CAST('10:00' as datetime), null);
INSERT INTO Korisnici.JeObisao(idrk, tura_id, rbr_obilaska, period_obilaska, iskustvo) values (12,10,10, CAST('08:15' as datetime), 'Pogled predivan');
INSERT INTO Korisnici.JeObisao(idrk, tura_id, rbr_obilaska, period_obilaska, iskustvo) values (13,10,10, CAST('11:00' as datetime), null);
INSERT INTO Korisnici.JeObisao(idrk, tura_id, rbr_obilaska, period_obilaska, iskustvo) values (14,9,9, CAST('13:00' as datetime), null);
INSERT INTO Korisnici.JeObisao(idrk, tura_id, rbr_obilaska, period_obilaska, iskustvo) values (15,8,8, CAST('16:00' as datetime), 'Prelepo jezero');
INSERT INTO Korisnici.JeObisao(idrk, tura_id, rbr_obilaska, period_obilaska, iskustvo) values (16,7,7, CAST('08:50' as datetime), 'Prelep pogled');
INSERT INTO Korisnici.JeObisao(idrk, tura_id, rbr_obilaska, period_obilaska, iskustvo) values (17,6,6, CAST('09:20' as datetime), null);
INSERT INTO Korisnici.JeObisao(idrk, tura_id, rbr_obilaska, period_obilaska, iskustvo) values (18,5,5, CAST('11:30' as datetime), null);
INSERT INTO Korisnici.JeObisao(idrk, tura_id, rbr_obilaska, period_obilaska, iskustvo) values (19,4,4, CAST('10:50' as datetime), null);
INSERT INTO Korisnici.JeObisao(idrk, tura_id, rbr_obilaska, period_obilaska, iskustvo) values (20,3,3, CAST('09:40' as datetime), 'Velik grad, prevelika guzva');
INSERT INTO Korisnici.JeObisao(idrk, tura_id, rbr_obilaska, period_obilaska, iskustvo) values (21,2,2, CAST('12:20' as datetime), null);
INSERT INTO Korisnici.JeObisao(idrk, tura_id, rbr_obilaska, period_obilaska, iskustvo) values (22,1,1, CAST('11:35' as datetime), null);


INSERT INTO Sadrzaj.Lokacija(lokacija_id, naziv_lokacije, opis_lokacije, suma_lokacije, geo_oblast_id) values (11, 'Sremski Karlovci', null, 25, 6);
INSERT INTO Sadrzaj.Lokacija(lokacija_id, naziv_lokacije, opis_lokacije, suma_lokacije, geo_oblast_id) values (20, 'Novi Sad', null, 25, 1);
INSERT INTO Sadrzaj.Lokacija(lokacija_id, naziv_lokacije, opis_lokacije, suma_lokacije, geo_oblast_id) values (1, 'Temisvar', 'Prelepo', 25, 10);
INSERT INTO Sadrzaj.Lokacija(lokacija_id, naziv_lokacije, opis_lokacije, suma_lokacije, geo_oblast_id) values (4, 'Barselona', 'Prelep grad', 10, 13);
INSERT INTO Sadrzaj.Lokacija(lokacija_id, naziv_lokacije, opis_lokacije, suma_lokacije, geo_oblast_id) values (13, 'Pariz', 'Prelep grad ali kisovit', 5, 9);
INSERT INTO Sadrzaj.Lokacija(lokacija_id, naziv_lokacije, opis_lokacije, suma_lokacije, geo_oblast_id) values (9, 'Srebrno Jezero', null, 25, 1);
INSERT INTO Sadrzaj.Lokacija(lokacija_id, naziv_lokacije, opis_lokacije, suma_lokacije, geo_oblast_id) values (19, 'Bajina Basta', null, 25, 1);
INSERT INTO Sadrzaj.Lokacija(lokacija_id, naziv_lokacije, opis_lokacije, suma_lokacije, geo_oblast_id) values (3, 'Zlatibor', null, 25, 1);
INSERT INTO Sadrzaj.Lokacija(lokacija_id, naziv_lokacije, opis_lokacije, suma_lokacije, geo_oblast_id) values (6, 'Cajetina', null, 25, 1);
INSERT INTO Sadrzaj.Lokacija(lokacija_id, naziv_lokacije, opis_lokacije, suma_lokacije, geo_oblast_id) values (7, 'Fruska Gora', 'Prelepe sume i pogled', 25, 1);

INSERT INTO Sadrzaj.PrevoznoSredstvo values('Auto');
INSERT INTO Sadrzaj.PrevoznoSredstvo values('Bicikl');
INSERT INTO Sadrzaj.PrevoznoSredstvo values('Peske');
INSERT INTO Sadrzaj.PrevoznoSredstvo values('Kamion');
INSERT INTO Sadrzaj.PrevoznoSredstvo values('Dzip');
INSERT INTO Sadrzaj.PrevoznoSredstvo values('Motor');
INSERT INTO Sadrzaj.PrevoznoSredstvo values('Terenac');
INSERT INTO Sadrzaj.PrevoznoSredstvo values('Bus');
INSERT INTO Sadrzaj.PrevoznoSredstvo values('Avion');
INSERT INTO Sadrzaj.PrevoznoSredstvo values('Helikopter');



INSERT INTO Sadrzaj.Deonica (deonica_id, naziv_deonice, opis_deonice, kvalitet_podloge, tura_id, prevozno_sredstvo_id, koristio, preporucio, pocetna_lok, krajnja_lok) 
values(next value for Sadrzaj.Seq_Deonica, 'Sremski Karlovci', null, 'Asfalt', 2, 1, 1, 1, 20, 11);
INSERT INTO Sadrzaj.Deonica (deonica_id, naziv_deonice, opis_deonice, kvalitet_podloge, tura_id, prevozno_sredstvo_id, koristio, preporucio, pocetna_lok, krajnja_lok) 
values(next value for Sadrzaj.Seq_Deonica, 'Francuska-Srbija', null, 'Odlican', 8, 9, 1, 1, 20, 13);
INSERT INTO Sadrzaj.Deonica (deonica_id, naziv_deonice, opis_deonice, kvalitet_podloge, tura_id, prevozno_sredstvo_id, koristio, preporucio, pocetna_lok, krajnja_lok) 
values(next value for Sadrzaj.Seq_Deonica, 'Spanija-Srbija', null, 'Odlican', 11, 9, 1, 0, 20, 4);
INSERT INTO Sadrzaj.Deonica (deonica_id, naziv_deonice, opis_deonice, kvalitet_podloge, tura_id, prevozno_sredstvo_id, koristio, preporucio, pocetna_lok, krajnja_lok) 
values(next value for Sadrzaj.Seq_Deonica, 'Fruska gora', 'Obilazak Fruske Gore', 'Strm i nepregledan', 14, 2, 1, 0, 20, 7);
INSERT INTO Sadrzaj.Deonica (deonica_id, naziv_deonice, opis_deonice, kvalitet_podloge, tura_id, prevozno_sredstvo_id, koristio, preporucio, pocetna_lok, krajnja_lok) 
values(next value for Sadrzaj.Seq_Deonica, 'Srebrno Jezero', null, 'Asfalt', 13, 1, 0, 0, 20, 9);

INSERT INTO Sadrzaj.DeoDeonice(deo_deonice_id, procenat_uspona, tura_id, deonica_id) 
values(next value for Sadrzaj.Seq_DeoDeonice, 35, 2, 1);
INSERT INTO Sadrzaj.DeoDeonice(deo_deonice_id, procenat_uspona, tura_id, deonica_id) 
values(next value for Sadrzaj.Seq_DeoDeonice, 5.00, 8, 2);
INSERT INTO Sadrzaj.DeoDeonice(deo_deonice_id, procenat_uspona, tura_id, deonica_id) 
values(next value for Sadrzaj.Seq_DeoDeonice, 0, 11, 3);
INSERT INTO Sadrzaj.DeoDeonice(deo_deonice_id, procenat_uspona, tura_id, deonica_id) 
values(next value for Sadrzaj.Seq_DeoDeonice, 85, 14, 4);
INSERT INTO Sadrzaj.DeoDeonice(deo_deonice_id, procenat_uspona, tura_id, deonica_id) 
values(next value for Sadrzaj.Seq_DeoDeonice, 15, 13, 5);


INSERT INTO Sadrzaj.ElementLokacije(el_lok_id, naziv_el_lokacije, vrsta_el_lok, suma_el_lok) 
values(6, 'Manastir Hopovo', 'Sakralni', 5);
INSERT INTO Sadrzaj.ElementLokacije(el_lok_id, naziv_el_lokacije, vrsta_el_lok, suma_el_lok) 
values(16, 'Petrovaradinska Tvrdjava', 'Istorijski', 5);
INSERT INTO Sadrzaj.ElementLokacije(el_lok_id, naziv_el_lokacije, vrsta_el_lok, suma_el_lok) 
values(2, 'Ajfelov Toranj', 'Istorijski', 5);
INSERT INTO Sadrzaj.ElementLokacije(el_lok_id, naziv_el_lokacije, vrsta_el_lok, suma_el_lok) 
values(15, 'Park Gvelj', 'Istorijski', 5);
INSERT INTO Sadrzaj.ElementLokacije(el_lok_id, naziv_el_lokacije, vrsta_el_lok, suma_el_lok) 
values(11, 'Spomenik Branku Radicevicu', 'Istorijski', 5);
INSERT INTO Sadrzaj.ElementLokacije(el_lok_id, naziv_el_lokacije, vrsta_el_lok, suma_el_lok) 
values(10, 'Cesma 4 lava', 'Istorijski', 5);

INSERT INTO Sadrzaj.KljucnaRec values('manastir');
INSERT INTO Sadrzaj.KljucnaRec values('park');
INSERT INTO Sadrzaj.KljucnaRec values('cesma');
INSERT INTO Sadrzaj.KljucnaRec values('brdovito');
INSERT INTO Sadrzaj.KljucnaRec values('suma');
INSERT INTO Sadrzaj.KljucnaRec values('planine');
INSERT INTO Sadrzaj.KljucnaRec values('prelepo');
INSERT INTO Sadrzaj.KljucnaRec values('toranj');
INSERT INTO Sadrzaj.KljucnaRec values('sunce');
INSERT INTO Sadrzaj.KljucnaRec values('zivotinje');
INSERT INTO Sadrzaj.KljucnaRec values('tvrdjava');
INSERT INTO Sadrzaj.KljucnaRec values('jelen');
INSERT INTO Sadrzaj.KljucnaRec values('hopovo');
INSERT INTO Sadrzaj.KljucnaRec values('ajfelov');
INSERT INTO Sadrzaj.KljucnaRec values('petrovaradinska');
INSERT INTO Sadrzaj.KljucnaRec values('karlovci');

INSERT INTO Sadrzaj.SeOdnosi values(14,8);
INSERT INTO Sadrzaj.SeOdnosi values(1,13);
INSERT INTO Sadrzaj.SeOdnosi values(10,12);
INSERT INTO Sadrzaj.SeOdnosi values(1,3);
INSERT INTO Sadrzaj.SeOdnosi values(15,11);
INSERT INTO Sadrzaj.SeOdnosi values(6,5);
INSERT INTO Sadrzaj.SeOdnosi values(6,4);
INSERT INTO Sadrzaj.SeOdnosi values(2,5);
INSERT INTO Sadrzaj.SeOdnosi values(3,16);
INSERT INTO Sadrzaj.SeOdnosi values(6,7);

INSERT INTO Sadrzaj.Pripada (kljucna_rec_id, el_lok_id) values(14,2);
INSERT INTO Sadrzaj.Pripada (kljucna_rec_id, el_lok_id) values(8,2);
INSERT INTO Sadrzaj.Pripada (kljucna_rec_id, el_lok_id) values(1,6);
INSERT INTO Sadrzaj.Pripada (kljucna_rec_id, el_lok_id) values(13,6);
INSERT INTO Sadrzaj.Pripada (kljucna_rec_id, el_lok_id) values(7,6);
INSERT INTO Sadrzaj.Pripada (kljucna_rec_id, el_lok_id) values(3,10);
INSERT INTO Sadrzaj.Pripada (kljucna_rec_id, el_lok_id) values(16,10);
INSERT INTO Sadrzaj.Pripada (kljucna_rec_id, el_lok_id) values(2,15);
INSERT INTO Sadrzaj.Pripada (kljucna_rec_id, el_lok_id) values(11,16);
INSERT INTO Sadrzaj.Pripada (kljucna_rec_id, el_lok_id) values(15,16);


INSERT INTO Sadrzaj.NaLok(lokacija_id, el_lok_id, udaljenost, opis_prilaska) values(13, 2, '1000km', null);
INSERT INTO Sadrzaj.NaLok(lokacija_id, el_lok_id, udaljenost, opis_prilaska) values(7, 6, '10km', 'lako');
INSERT INTO Sadrzaj.NaLok(lokacija_id, el_lok_id, udaljenost, opis_prilaska) values(11, 10, '7km', 'lako');
INSERT INTO Sadrzaj.NaLok(lokacija_id, el_lok_id, udaljenost, opis_prilaska) values(11, 11, '15km', null);
INSERT INTO Sadrzaj.NaLok(lokacija_id, el_lok_id, udaljenost, opis_prilaska) values(4, 15, '1200km', null);
INSERT INTO Sadrzaj.NaLok(lokacija_id, el_lok_id, udaljenost, opis_prilaska) values(20, 16, '500m', 'peske preko mosta');

INSERT INTO Sadrzaj.Komentar(komentar_id, tekst_komentara, datum_kom, vreme_kom, sadrzaj_id, idrk, datum_brisanja) 
values(1, 'Prelepo', CAST('22-jun-2019'AS DATE), CAST('22:34'AS datetime), 9, 5, null);
INSERT INTO Sadrzaj.Komentar(komentar_id, tekst_komentara, datum_kom, vreme_kom, sadrzaj_id, idrk, datum_brisanja) 
values(2, 'Odlicno', CAST('04-may-2019'AS DATE), CAST('08:48'AS datetime), 9, 20, null);
INSERT INTO Sadrzaj.Komentar(komentar_id, tekst_komentara, datum_kom, vreme_kom, sadrzaj_id, idrk, datum_brisanja) 
values(3, 'Super', CAST('10-oct-2019'AS DATE), CAST('14:54'AS datetime), 14, 14, null);
INSERT INTO Sadrzaj.Komentar(komentar_id, tekst_komentara, datum_kom, vreme_kom, sadrzaj_id, idrk, datum_brisanja) 
values(4, 'Lepo', CAST('15-apr-2019'AS DATE), CAST('13:22'AS datetime), 15, 3, null);
INSERT INTO Sadrzaj.Komentar(komentar_id, tekst_komentara, datum_kom, vreme_kom, sadrzaj_id, idrk, datum_brisanja) 
values(5, 'Odlicno', CAST('22-jul-2019'AS DATE), CAST('16:03'AS datetime), 2, 19, null);
INSERT INTO Sadrzaj.Komentar(komentar_id, tekst_komentara, datum_kom, vreme_kom, sadrzaj_id, idrk, datum_brisanja) 
values(6, 'Odlicno', CAST('11-dec-2019'AS DATE), CAST('11:12'AS datetime), 3, 15, null);
INSERT INTO Sadrzaj.Komentar(komentar_id, tekst_komentara, datum_kom, vreme_kom, sadrzaj_id, idrk, datum_brisanja) 
values(7, 'Prelepo', CAST('09-dec-2019'AS DATE), CAST('15:02' AS datetime), 6, 4, null);
INSERT INTO Sadrzaj.Komentar(komentar_id, tekst_komentara, datum_kom, vreme_kom, sadrzaj_id, idrk, datum_brisanja) 
values(8, 'Odlicno', CAST('19-sep-2019'AS DATE), CAST('15:46'AS datetime), 15, 9, null);
INSERT INTO Sadrzaj.Komentar(komentar_id, tekst_komentara, datum_kom, vreme_kom, sadrzaj_id, idrk, datum_brisanja) 
values(9, 'Super', CAST('13-feb-2019'AS DATE), CAST('00:16'AS datetime), 20, 11, null);
INSERT INTO Sadrzaj.Komentar(komentar_id, tekst_komentara, datum_kom, vreme_kom, sadrzaj_id, idrk, datum_brisanja) 
values(10, 'Fantasticno', CAST('17-jan-2019'AS DATE), CAST('12:23'AS datetime), 13, 10, null);

INSERT INTO Korisnici.Smestaj(smestaj_id, el_lok_id, dostupnost, kapacitet, tip_smestaja_id, idrk, raspolozivost, datum_od, datum_do) 
values(next value for Korisnici.Seq_Smestaj, 2, 1, 4, 5, 25, 1, null, null);
INSERT INTO Korisnici.Smestaj(smestaj_id, el_lok_id, dostupnost, kapacitet, tip_smestaja_id, idrk, raspolozivost, datum_od, datum_do) 
values(next value for Korisnici.Seq_Smestaj, 2, 0, 3, 9, 25, 0, null, null);
INSERT INTO Korisnici.Smestaj(smestaj_id, el_lok_id, dostupnost, kapacitet, tip_smestaja_id, idrk, raspolozivost, datum_od, datum_do) 
values(next value for Korisnici.Seq_Smestaj, 6, 1, 1, 6, 31, 0, CAST('12-jul-2018'AS DATE),CAST('15-aug-2018'AS DATE));
INSERT INTO Korisnici.Smestaj(smestaj_id, el_lok_id, dostupnost, kapacitet, tip_smestaja_id, idrk, raspolozivost, datum_od, datum_do) 
values(next value for Korisnici.Seq_Smestaj, 6, 1, 1, 1, 35, 1, null, null);
INSERT INTO Korisnici.Smestaj(smestaj_id, el_lok_id, dostupnost, kapacitet, tip_smestaja_id, idrk, raspolozivost, datum_od, datum_do) 
values(next value for Korisnici.Seq_Smestaj, 6, 0, 2, 7, 26, 0, null, null);
INSERT INTO Korisnici.Smestaj(smestaj_id, el_lok_id, dostupnost, kapacitet, tip_smestaja_id, idrk, raspolozivost, datum_od, datum_do) 
values(next value for Korisnici.Seq_Smestaj, 10, 1, 1, 1, 29, 0, CAST('16-aug-2018'AS DATE),CAST('15-sep-2018'AS DATE));
INSERT INTO Korisnici.Smestaj(smestaj_id, el_lok_id, dostupnost, kapacitet, tip_smestaja_id, idrk, raspolozivost, datum_od, datum_do) 
values(next value for Korisnici.Seq_Smestaj, 10, 0, 3, 9, 33, 0, CAST('11-jun-2018'AS DATE),CAST('10-jul-2018'AS DATE));
INSERT INTO Korisnici.Smestaj(smestaj_id, el_lok_id, dostupnost, kapacitet, tip_smestaja_id, idrk, raspolozivost, datum_od, datum_do) 
values(next value for Korisnici.Seq_Smestaj, 11, 1, 5, 8, 23, 1, null, null);
INSERT INTO Korisnici.Smestaj(smestaj_id, el_lok_id, dostupnost, kapacitet, tip_smestaja_id, idrk, raspolozivost, datum_od, datum_do) 
values(next value for Korisnici.Seq_Smestaj, 11, 1, 2, 3, 34, 1, null, null);
INSERT INTO Korisnici.Smestaj(smestaj_id, el_lok_id, dostupnost, kapacitet, tip_smestaja_id, idrk, raspolozivost, datum_od, datum_do) 
values(next value for Korisnici.Seq_Smestaj, 15, 0, 3, 4, 40, 0, null, null);
INSERT INTO Korisnici.Smestaj(smestaj_id, el_lok_id, dostupnost, kapacitet, tip_smestaja_id, idrk, raspolozivost, datum_od, datum_do) 
values(next value for Korisnici.Seq_Smestaj, 15, 1, 4, 5, 38, 0, CAST('11-jun-2018'AS DATE),CAST('10-jul-2018'AS DATE));
INSERT INTO Korisnici.Smestaj(smestaj_id, el_lok_id, dostupnost, kapacitet, tip_smestaja_id, idrk, raspolozivost, datum_od, datum_do) 
values(next value for Korisnici.Seq_Smestaj, 16, 1, 1, 2, 27, 1, null, null);
INSERT INTO Korisnici.Smestaj(smestaj_id, el_lok_id, dostupnost, kapacitet, tip_smestaja_id, idrk, raspolozivost, datum_od, datum_do) 
values(next value for Korisnici.Seq_Smestaj, 16, 1, 3, 9, 39, 1, null, null);


INSERT INTO Korisnici.Boravi(idrk, smestaj_id, rbr_rez) values(3, 4, 1);
INSERT INTO Korisnici.Boravi(idrk, smestaj_id, rbr_rez) values(22, 1, 2);
INSERT INTO Korisnici.Boravi(idrk, smestaj_id, rbr_rez) values(19, 10, 3);
INSERT INTO Korisnici.Boravi(idrk, smestaj_id, rbr_rez) values(5, 8, 4);
INSERT INTO Korisnici.Boravi(idrk, smestaj_id, rbr_rez) values(11, 11, 5);
INSERT INTO Korisnici.Boravi(idrk, smestaj_id, rbr_rez) values(14, 13, 6);
INSERT INTO Korisnici.Boravi(idrk, smestaj_id, rbr_rez) values(6, 2, 7);
INSERT INTO Korisnici.Boravi(idrk, smestaj_id, rbr_rez) values(10, 6, 8);
INSERT INTO Korisnici.Boravi(idrk, smestaj_id, rbr_rez) values(20, 5, 9);
INSERT INTO Korisnici.Boravi(idrk, smestaj_id, rbr_rez) values(7, 9, 10);












